Model,Optimizer,Regimes,Sharpe Ratio,Annualized Return,Annualized Volatility,Max Drawdown
xgboost,mean_variance,3,5.168759982470588,0.08682090425579903,0.36919480637894614,-0.05589663975568515
xgboost,mean_variance,5,5.168759982470588,0.08682090425579903,0.36919480637894614,-0.05589663975568515
xgboost,mean_variance,7,5.168759982470588,0.08682090425579903,0.36919480637894614,-0.05589663975568515
hmm,mean_variance,3,5.168759982470588,0.08682090425579903,0.36919480637894614,-0.05589663975568515
hmm,mean_variance,5,5.168759982470588,0.08682090425579903,0.36919480637894614,-0.05589663975568515
hmm,mean_variance,7,5.168759982470588,0.08682090425579903,0.36919480637894614,-0.05589663975568515
